INSERT INTO public.users (id, current_points, uuid, violations, recipient_name, recipient_email, recipient_phone, recipient_surname, last_order_location, date_of_registration) VALUES (345, 0, '685036de-cadc-4d2d-b6d3-6478abb81133', 345, 'Макс', 'max@gmail.com', '+380675492525', 'kuz', null, null);
INSERT INTO public.users (id, current_points, uuid, violations, recipient_name, recipient_email, recipient_phone, recipient_surname, last_order_location, date_of_registration) VALUES (272, 10000, '8d732424-beae-4750-a679-1a94f6e62365', 0, 'Ross', 'rsihovskiy@gmail.com', '0676666666', 'Sihovsk', null, null);
INSERT INTO public.users (id, current_points, uuid, violations, recipient_name, recipient_email, recipient_phone, recipient_surname, last_order_location, date_of_registration) VALUES (271, 0, '6e74fd5c-2529-4443-bc46-20f7939a3989', 0, '', 'xaratan242@nahetech.com', '380676079847', 'Vir', null, null);
INSERT INTO public.users (id, current_points, uuid, violations, recipient_name, recipient_email, recipient_phone, recipient_surname, last_order_location, date_of_registration) VALUES (269, 7777, '39a4271f-461f-4509-8a8a-d149b45fdb1a', 0, 'Abu', 'lvnmwyvsrvcruhfwbn@sdvgeft.com', '+380380634654', 'Dabi', null, null);
INSERT INTO public.users (id, current_points, uuid, violations, recipient_name, recipient_email, recipient_phone, recipient_surname, last_order_location, date_of_registration) VALUES (6, 0, 'c09375c9-75f3-496b-8d3d-bc9b2a07bf85', 0, 'Migno', 'mignotekku@vusra.com', '+380508003301', 'Tekku', null, null);
INSERT INTO public.users (id, current_points, uuid, violations, recipient_name, recipient_email, recipient_phone, recipient_surname, last_order_location, date_of_registration) VALUES (3, 0, '5cfe342c-b6ac-4ae8-b603-b8f877e571ef', 0, 'name', 'testgreencity323@gmail.com', '+380972222222', 'surname', null, '2022-01-28');

INSERT INTO public.regions (id, name_uk, name_en) VALUES (100, 'Київська область', 'Kyiv Oblast');
INSERT INTO public.regions (id, name_uk, name_en) VALUES (101, 'Львівська область', 'Lviv Oblast');
INSERT INTO public.regions (id, name_uk, name_en) VALUES (102, 'Одеська область', 'Odessa Oblast');

INSERT INTO public.locations (id, location_status, region_id, latitude, longitude, name_uk, name_en, is_deleted) VALUES (200, 'ACTIVE', 100, 50.4501, 30.5234, 'Київ', 'Kyiv', false);
INSERT INTO public.locations (id, location_status, region_id, latitude, longitude, name_uk, name_en, is_deleted) VALUES (201, 'ACTIVE', 101, 49.8397, 24.0297, 'Львів', 'Lviv', false);
INSERT INTO public.locations (id, location_status, region_id, latitude, longitude, name_uk, name_en, is_deleted) VALUES (202, 'ACTIVE', 102, 46.4825, 30.7233, 'Одеса', 'Odessa', false);

INSERT INTO public.order_address (id, city, address_comment, latitude, longitude, district, entrance_number, house_corpus, house_number, street, actual, status, region, city_en, region_en, street_en, district_en, location_id, region_id, city_id, district_id) VALUES (100, 'Київ', 'Коментар до адреси 1', 50.4501, 30.5234, 'Подільський', '2', 'Б', '14', 'Велика Васильківська', true, 'NEW', 'Київська область', 'Kyiv', 'Kyiv Oblast', 'Velyka Vasylkivska', 'Podilskyi', 200, 1, 1, 1);
INSERT INTO public.order_address (id, city, address_comment, latitude, longitude, district, entrance_number, house_corpus, house_number, street, actual, status, region, city_en, region_en, street_en, district_en, location_id, region_id, city_id, district_id) VALUES (101, 'Київ', 'Коментар до адреси 2', 50.4407, 30.5224, 'Шевченківський', '1', null, '27', 'Хрещатик', true, 'NEW', 'Київська область', 'Kyiv', 'Kyiv Oblast', 'Khreshchatyk', 'Shevchenkivskyi', 201, 1, 1, 1);
INSERT INTO public.order_address (id, city, address_comment, latitude, longitude, district, entrance_number, house_corpus, house_number, street, actual, status, region, city_en, region_en, street_en, district_en, location_id, region_id, city_id, district_id) VALUES (102, 'Львів', 'Коментар до адреси 3', 49.8397, 24.0297, 'Шевченківський', '3', 'А', '5', 'Площа Ринок', true, 'NEW', 'Львівська область', 'Lviv', 'Lviv Oblast', 'Rynok Square', 'Shevchenkivskyi', 202, 1, 1, 1);
INSERT INTO public.order_address (id, city, address_comment, latitude, longitude, district, entrance_number, house_corpus, house_number, street, actual, status, region, city_en, region_en, street_en, district_en, location_id, region_id, city_id, district_id) VALUES (103, 'Львів', 'Коментар до адреси 4', 49.8323, 24.0132, 'Галицький', '2', null, '10', 'Вулиця Крушельницької', true, 'NEW', 'Львівська область', 'Lviv', 'Lviv Oblast', 'Krushelnytska Street', 'Halychskyi', 200, 1, 1, 1);
INSERT INTO public.order_address (id, city, address_comment, latitude, longitude, district, entrance_number, house_corpus, house_number, street, actual, status, region, city_en, region_en, street_en, district_en, location_id, region_id, city_id, district_id) VALUES (104, 'Одеса', 'Коментар до адреси 5', 46.4825, 30.7233, 'Приморський', '4', null, '33', 'Дерибасівська', true, 'NEW', 'Одеська область', 'Odessa', 'Odessa Oblast', 'Deribasivska', 'Primorskyi', 201, 1, 1, 1);

INSERT INTO public.address (id, city, address_comment, latitude, longitude, district, entrance_number, house_corpus, house_number, street, actual, user_id, status, region, city_en, region_en, street_en, district_en) VALUES (36, 'Київ', null, 50.42148680000001, 30.651211, 'Дніпровський', '', '4', '5', 'Kharkivs''ke Highway', false, 269, 'IN_ORDER', 'Київська область', null, null, null, null);
INSERT INTO public.address (id, city, address_comment, latitude, longitude, district, entrance_number, house_corpus, house_number, street, actual, user_id, status, region, city_en, region_en, street_en, district_en) VALUES (42, 'Київ', '', 50.469242300000005, 30.5139173, 'Подільський', '', '', '12', 'вулиця Ярославська', true, 3, 'DELETED', 'Київська область', 'Kyiv', 'Kyiv region', 'Yaroslavska Street', 'Podil''s''kyi');
INSERT INTO public.address (id, city, address_comment, latitude, longitude, district, entrance_number, house_corpus, house_number, street, actual, user_id, status, region, city_en, region_en, street_en, district_en) VALUES (37, 'Київ', '', 50.4365763, 30.63789829999999, 'Печерський', '', '8', '7', 'Khorolska Street', false, 6, 'IN_ORDER', 'Київська область', 'Kyiv', 'Kyiv region', 'Khorolska Street', 'Pechers''kyi');
INSERT INTO public.address (id, city, address_comment, latitude, longitude, district, entrance_number, house_corpus, house_number, street, actual, user_id, status, region, city_en, region_en, street_en, district_en) VALUES (55, 'Київ', '', 50.41606659999999, 30.456752299999998, 'Печерський', '', '', '5', 'Fedora Ernsta Street', true, 6, 'IN_ORDER', 'Київська область', 'Kyiv', 'Kyiv region', 'Fedora Ernsta Street', 'Pechers''kyi');
INSERT INTO public.address (id, city, address_comment, latitude, longitude, district, entrance_number, house_corpus, house_number, street, actual, user_id, status, region, city_en, region_en, street_en, district_en) VALUES (38, 'Київ', '', 50.424924000000004, 30.45865069999999, 'Солом''янський', '', '', '19', 'Севастопольська площа', false, 3, 'DELETED', 'Київська область', 'Kyiv', 'Kyiv region', 'Sevastopol''s''ka Square', 'Solom''yans''kyi');
INSERT INTO public.address (id, city, address_comment, latitude, longitude, district, entrance_number, house_corpus, house_number, street, actual, user_id, status, region, city_en, region_en, street_en, district_en) VALUES (39, 'Київ', 'Ого, який коментар до адреси', 50.41606659999999, 30.456752299999998, 'Солом''янський', '', '16', '10', 'Вулиця Федора Ернста', true, 272, 'IN_ORDER', 'Київська область', 'Kyiv', 'Kyiv region', 'Fedora Ernsta Street', 'Solom''yans''kyi');
INSERT INTO public.address (id, city, address_comment, latitude, longitude, district, entrance_number, house_corpus, house_number, street, actual, user_id, status, region, city_en, region_en, street_en, district_en) VALUES (40, 'Київ', '', 50.424924000000004, 30.45865069999999, 'Солом''янський', '', '', '19', 'Севастопольська площа', false, 3, 'DELETED', 'Київська область', 'Kyiv', 'Kyiv region', 'Sevastopol''s''ka Square', 'Solom''yans''kyi');
INSERT INTO public.address (id, city, address_comment, latitude, longitude, district, entrance_number, house_corpus, house_number, street, actual, user_id, status, region, city_en, region_en, street_en, district_en) VALUES (3, 'Київ', null, 50.440418699999995, 30.4712532, 'Солом''янський', '', '12', '12', 'Юліуса Фучика вул 1', false, 3, 'DELETED', 'Київська область', null, null, null, null);
INSERT INTO public.address (id, city, address_comment, latitude, longitude, district, entrance_number, house_corpus, house_number, street, actual, user_id, status, region, city_en, region_en, street_en, district_en) VALUES (8, 'Київ', '', 50.4075316, 30.6283451, 'Дарницький', '', '3', '3', 'проспект Петра Григоренка', false, 3, 'DELETED', 'Київська область', 'Kyiv', 'Kyiv region', 'Petra Hryhorenka Avenue', 'Darnyts''kyi');
INSERT INTO public.address (id, city, address_comment, latitude, longitude, district, entrance_number, house_corpus, house_number, street, actual, user_id, status, region, city_en, region_en, street_en, district_en) VALUES (21, 'Київ', '', 50.424924000000004, 30.45865069999999, 'Солом''янський', '', '', '19', 'Севастопольська площа', false, 3, 'DELETED', 'Київська область', 'Kyiv', 'Kyiv region', 'Sevastopol Square', 'Solom''yans''kyi');
INSERT INTO public.address (id, city, address_comment, latitude, longitude, district, entrance_number, house_corpus, house_number, street, actual, user_id, status, region, city_en, region_en, street_en, district_en) VALUES (19, 'Київ', '', 50.424924000000004, 30.45865069999999, 'Солом''янський', '', '', '19', 'Севастопольська площа', false, 3, 'DELETED', 'Київська область', 'Kyiv', 'Kyiv region', 'Sevastopol Square', 'Solom''yans''kyi');
INSERT INTO public.address (id, city, address_comment, latitude, longitude, district, entrance_number, house_corpus, house_number, street, actual, user_id, status, region, city_en, region_en, street_en, district_en) VALUES (18, 'Київ', '', 50.4075316, 30.6283451, 'Дарницький', '', '', '3', 'проспект Петра Григоренка', false, 3, 'IN_ORDER', 'Київська область', 'Kyiv', 'Kyiv region', 'Petra Hryhorenka Avenue', 'Darnyts''kyi');
INSERT INTO public.address (id, city, address_comment, latitude, longitude, district, entrance_number, house_corpus, house_number, street, actual, user_id, status, region, city_en, region_en, street_en, district_en) VALUES (17, 'Київ', '', 50.52244189999999, 30.498344, 'Оболонський', '', '', '12', 'Героїв Дніпра вул', false, 3, 'DELETED', 'Київська область', 'Kyiv', 'Kyiv region', 'Heroiv Dnipra Street', 'Obolonskyi');
INSERT INTO public.address (id, city, address_comment, latitude, longitude, district, entrance_number, house_corpus, house_number, street, actual, user_id, status, region, city_en, region_en, street_en, district_en) VALUES (20, 'Київ', '', 50.424924000000004, 30.45865069999999, 'Солом''янський', '', '', '19', 'Севастопольська площа', false, 3, 'DELETED', 'Київська область', 'Kyiv', 'Kyiv region', 'Sevastopol''s''ka Square', 'Solom''yans''kyi');
INSERT INTO public.address (id, city, address_comment, latitude, longitude, district, entrance_number, house_corpus, house_number, street, actual, user_id, status, region, city_en, region_en, street_en, district_en) VALUES (41, 'Київ', '', 50.45403470000001, 30.4969663, 'Шевченківський', '1', '', '10', 'улица Владимира Винниченко', true, 271, 'IN_ORDER', 'Київська область', 'Kyiv', 'Kyiv region', 'Vladimir Vinnichenko Street', 'Shevchenkivs''kyi');
INSERT INTO public.address (id, city, address_comment, latitude, longitude, district, entrance_number, house_corpus, house_number, street, actual, user_id, status, region, city_en, region_en, street_en, district_en) VALUES (1, 'Львів', '', 50.463612, 30.516729299999994, 'Дарницький', '1', '6', '5', 'Kontraktova Square', true, 345, 'IN_ORDER', 'Львівська область', 'Kyiv', 'Kyiv region', 'Contract Square', 'Darnyts''kyi');

INSERT INTO public.ubs_user (id, email, first_name, last_name, phone_number, users_id,  sender_first_name, sender_last_name, sender_email, sender_phone_number) VALUES (100, 'testgreencity323@gmail.com', 'Anna', 'Maria', '+380631144678', 345, null, null, null, null);
INSERT INTO public.ubs_user (id, email, first_name, last_name, phone_number, users_id,  sender_first_name, sender_last_name, sender_email, sender_phone_number) VALUES (101, 'testgreencity323@gmail.com', 'Anna', 'Maria', '+380631144678', 345, null, null, null, null);
INSERT INTO public.ubs_user (id, email, first_name, last_name, phone_number, users_id,  sender_first_name, sender_last_name, sender_email, sender_phone_number) VALUES (102, 'mignotekku@vusra.com', 'Migno', 'Tekku', '+380508003301', 345, null, null, null, null);
INSERT INTO public.ubs_user (id, email, first_name, last_name, phone_number, users_id,  sender_first_name, sender_last_name, sender_email, sender_phone_number) VALUES (103, 'lvnmwyvsrvcruhfwbn@sdvgeft.com', 'Abu', 'Dabi', '+380380634654', 345, null, null, null, null);
INSERT INTO public.ubs_user (id, email, first_name, last_name, phone_number, users_id,  sender_first_name, sender_last_name, sender_email, sender_phone_number) VALUES (104, 'lvnmwyvsrvcruhfwbn@sdvgeft.com', 'Abu', 'Dabi', '+380380634654', 345, null, null, null, null);

INSERT INTO public.employees (id, first_name, last_name, phone_number, email, image_path, status) VALUES (3, 'Migno', 'Tekku', '+380508003301', 'mignotekku@vusra.com', 'https://csb10032000a548f571.blob.core.windows.net/allfiles/5fff06c5-1344-4c48-acfa-018678ba260fdog.png', 'ACTIVE');
INSERT INTO public.employees (id, first_name, last_name, phone_number, email, image_path, status) VALUES (2, 'Tapsoy', 'Ipsi', '+380633355555', 'tapsoyipsi@vusra.com', 'https://csb10032000a548f571.blob.core.windows.net/allfiles/4d18fe14-c5a7-4830-bc62-bc1f2a8a4627super%20admin.jpg', 'ACTIVE');
INSERT INTO public.employees (id, first_name, last_name, phone_number, email, image_path, status) VALUES (10, 'Abu', 'Dabi', '+380634654654', 'lvnmwyvsrvcruhfwbn@sdvgeft.com', 'https://csb10032000a548f571.blob.core.windows.net/allfiles/39f37213-8406-4fa2-bce0-ecedf70b4101abudabi.jpg', 'ACTIVE');
INSERT INTO public.employees (id, first_name, last_name, phone_number, email, image_path, status) VALUES (15, 'Test', 'User', '+380380631144', 'adminubs@starmaker.email', 'https://csb10032000a548f571.blob.core.windows.net/allfiles/5820bc21-eed2-4a15-86d1-6d603ccdbec5R.jpeg', 'ACTIVE');

INSERT INTO public.employee_order_position (id, order_id, employee_id, position_id) VALUES (1, 82, 2, 3);
INSERT INTO public.employee_order_position (id, order_id, employee_id, position_id) VALUES (2, 82, 3, 4);
INSERT INTO public.employee_order_position (id, order_id, employee_id, position_id) VALUES (4, 82, 15, 2);
INSERT INTO public.employee_order_position (id, order_id, employee_id, position_id) VALUES (3, 82, 10, 5);
INSERT INTO public.employee_order_position (id, order_id, employee_id, position_id) VALUES (5, 83, 3, 3);
INSERT INTO public.employee_order_position (id, order_id, employee_id, position_id) VALUES (6, 83, 2, 2);
INSERT INTO public.employee_order_position (id, order_id, employee_id, position_id) VALUES (7, 83, 10, 4);
INSERT INTO public.employee_order_position (id, order_id, employee_id, position_id) VALUES (8, 83, 15, 5);
INSERT INTO public.employee_order_position (id, order_id, employee_id, position_id) VALUES (9, 86, 3, 3);
INSERT INTO public.employee_order_position (id, order_id, employee_id, position_id) VALUES (10, 86, 15, 4);
INSERT INTO public.employee_order_position (id, order_id, employee_id, position_id) VALUES (11, 86, 10, 5);
INSERT INTO public.employee_order_position (id, order_id, employee_id, position_id) VALUES (12, 86, 2, 2);
INSERT INTO public.employee_order_position (id, order_id, employee_id, position_id) VALUES (13, 87, 15, 4);
INSERT INTO public.employee_order_position (id, order_id, employee_id, position_id) VALUES (14, 87, 10, 5);
INSERT INTO public.employee_order_position (id, order_id, employee_id, position_id) VALUES (15, 87, 2, 2);
INSERT INTO public.employee_order_position (id, order_id, employee_id, position_id) VALUES (16, 87, 3, 3);
INSERT INTO public.employee_order_position (id, order_id, employee_id, position_id) VALUES (17, 88, 3, 4);
INSERT INTO public.employee_order_position (id, order_id, employee_id, position_id) VALUES (18, 88, 15, 5);
INSERT INTO public.employee_order_position (id, order_id, employee_id, position_id) VALUES (19, 88, 2, 2);
INSERT INTO public.employee_order_position (id, order_id, employee_id, position_id) VALUES (20, 88, 10, 3);
INSERT INTO public.employee_order_position (id, order_id, employee_id, position_id) VALUES (21, 90, 2, 2);
INSERT INTO public.employee_order_position (id, order_id, employee_id, position_id) VALUES (22, 90, 3, 3);
INSERT INTO public.employee_order_position (id, order_id, employee_id, position_id) VALUES (23, 90, 10, 4);
INSERT INTO public.employee_order_position (id, order_id, employee_id, position_id) VALUES (24, 90, 15, 5);
INSERT INTO public.employee_order_position (id, order_id, employee_id, position_id) VALUES (25, 93, 2, 5);
INSERT INTO public.employee_order_position (id, order_id, employee_id, position_id) VALUES (26, 93, 3, 3);
INSERT INTO public.employee_order_position (id, order_id, employee_id, position_id) VALUES (27, 93, 10, 4);
INSERT INTO public.employee_order_position (id, order_id, employee_id, position_id) VALUES (28, 93, 15, 2);

INSERT INTO public.receiving_stations (id, name) VALUES (2, 'Грибовицька');

INSERT INTO public.orders (id, comment, deliver_from, deliver_to, order_date, order_status, points_to_use,  ubs_user_id, users_id, order_payment_status, cancellation_reason, cancellation_comment, reason_not_taking_bag_description, image_reason_not_taking_bags, date_of_export, employee_id, blocked, admin_comment, counter_order_payment_id, tariffs_info_id, sum_total_amount_without_discounts, receiving_station_id, ubs_courier_sum, write_off_station_sum) VALUES (83, 'hi', '2022-02-03 07:00:00.000000', '2022-02-03 18:00:10.000000', '2022-02-02 11:01:19.761000', 'DONE', 0, 101, 345, 'PAID', null, null, null, '', null, null, false, null, null, 1, 1050, 2, null, null);
INSERT INTO public.orders (id, comment, deliver_from, deliver_to, order_date, order_status, points_to_use,  ubs_user_id, users_id, order_payment_status, cancellation_reason, cancellation_comment, reason_not_taking_bag_description, image_reason_not_taking_bags, date_of_export, employee_id, blocked, admin_comment, counter_order_payment_id, tariffs_info_id, sum_total_amount_without_discounts, receiving_station_id, ubs_courier_sum, write_off_station_sum) VALUES (89, 'by', '2022-02-09 22:27:25.000000', '2022-02-09 22:27:29.000000', '2022-02-08 15:10:20.140000', 'FORMED', 0,  102, 345, 'UNPAID', null, null, null, '', null, null, false, null, null, 1, 850, null, null, null);
INSERT INTO public.orders (id, comment, deliver_from, deliver_to, order_date, order_status, points_to_use,  ubs_user_id, users_id, order_payment_status, cancellation_reason, cancellation_comment, reason_not_taking_bag_description, image_reason_not_taking_bags, date_of_export, employee_id, blocked, admin_comment, counter_order_payment_id, tariffs_info_id, sum_total_amount_without_discounts, receiving_station_id, ubs_courier_sum, write_off_station_sum) VALUES (84, 'by', '2022-02-05 10:00:00.000000', '2022-02-05 18:00:10.000000', '2022-02-01 11:17:12.557000', 'FORMED', 0,  103, 345, 'UNPAID', null, null, null, '', null, 10, true, null, 2, 1, 1200, null, null, null);
INSERT INTO public.orders (id, comment, deliver_from, deliver_to, order_date, order_status, points_to_use,  ubs_user_id, users_id, order_payment_status, cancellation_reason, cancellation_comment, reason_not_taking_bag_description, image_reason_not_taking_bags, date_of_export, employee_id, blocked, admin_comment, counter_order_payment_id, tariffs_info_id, sum_total_amount_without_discounts, receiving_station_id, ubs_courier_sum, write_off_station_sum) VALUES (82, 'hey', '2022-02-04 21:22:04.000000', '2022-02-04 23:22:22.000000',  '2022-02-02 11:01:19.761000', 'CONFIRMED', 0, 104, 345, 'PAID', null, null, null, '', null, null, false, null, null, 1, 600, 1, null, null);
INSERT INTO public.orders (id, comment, deliver_from, deliver_to, order_date, order_status, points_to_use,  ubs_user_id, users_id, order_payment_status, cancellation_reason, cancellation_comment, reason_not_taking_bag_description, image_reason_not_taking_bags, date_of_export, employee_id, blocked, admin_comment, counter_order_payment_id, tariffs_info_id, sum_total_amount_without_discounts, receiving_station_id, ubs_courier_sum, write_off_station_sum) VALUES (85, 'hey', '2022-02-05 10:00:00.000000', '2022-02-05 18:00:10.000000', '2022-02-04 11:30:02.626000', 'FORMED', 0,  100, 269, 'UNPAID', null, null, null, '', null, null, false, null, null, 1, 600, null, null, null);
INSERT INTO public.orders (id, comment, deliver_from, deliver_to, order_date, order_status, points_to_use,  ubs_user_id, users_id, order_payment_status, cancellation_reason, cancellation_comment, reason_not_taking_bag_description, image_reason_not_taking_bags, date_of_export, employee_id, blocked, admin_comment, counter_order_payment_id, tariffs_info_id, sum_total_amount_without_discounts, receiving_station_id, ubs_courier_sum, write_off_station_sum) VALUES (90, '234', '2022-02-10 07:00:00.000000', '2022-02-10 15:00:00.000000',  '2022-02-08 15:22:13.632000', 'ON_THE_ROUTE', 50,  100, 345, 'PAID', null, null, null, '', null, null, false, null, null, 1, 4200, 2, null, null);
INSERT INTO public.orders (id, comment, deliver_from, deliver_to, order_date, order_status, points_to_use,  ubs_user_id, users_id, order_payment_status, cancellation_reason, cancellation_comment, reason_not_taking_bag_description, image_reason_not_taking_bags, date_of_export, employee_id, blocked, admin_comment, counter_order_payment_id, tariffs_info_id, sum_total_amount_without_discounts, receiving_station_id, ubs_courier_sum, write_off_station_sum) VALUES (91, '', '2022-02-10 07:00:00.000000', '2022-02-10 15:00:00.000000', '2022-01-30 15:45:14.142732', 'FORMED', 0, 100, 345, 'PAID', null, null, null, '', null, 10, true, null, null, 1, 650, null, null, null);
INSERT INTO public.orders (id, comment, deliver_from, deliver_to, order_date, order_status, points_to_use,  ubs_user_id, users_id, order_payment_status, cancellation_reason, cancellation_comment, reason_not_taking_bag_description, image_reason_not_taking_bags, date_of_export, employee_id, blocked, admin_comment, counter_order_payment_id, tariffs_info_id, sum_total_amount_without_discounts, receiving_station_id, ubs_courier_sum, write_off_station_sum) VALUES (86, 'hey', '2022-02-06 22:27:00.000000', '2022-02-06 22:27:03.000000', '2022-02-05 08:30:19.175000', 'CONFIRMED', 0, 101, 345, 'PAID', null, null, null, '', null, null, false, null, 1, 1, 600, 2, null, null);
INSERT INTO public.orders (id, comment, deliver_from, deliver_to, order_date, order_status, points_to_use,  ubs_user_id, users_id, order_payment_status, cancellation_reason, cancellation_comment, reason_not_taking_bag_description, image_reason_not_taking_bags, date_of_export, employee_id, blocked, admin_comment, counter_order_payment_id, tariffs_info_id, sum_total_amount_without_discounts, receiving_station_id, ubs_courier_sum, write_off_station_sum) VALUES (93, '', '2022-02-03 22:28:18.000000', '2022-02-03 22:28:24.000000',  '2022-01-27 16:12:48.734000', 'CONFIRMED', 0,  100, 345, 'PAID', null, null, null, '', null, null, false, null, 1, 1, 5000, 2, null, null);
INSERT INTO public.orders (id, comment, deliver_from, deliver_to, order_date, order_status, points_to_use,  ubs_user_id, users_id, order_payment_status, cancellation_reason, cancellation_comment, reason_not_taking_bag_description, image_reason_not_taking_bags, date_of_export, employee_id, blocked, admin_comment, counter_order_payment_id, tariffs_info_id, sum_total_amount_without_discounts, receiving_station_id, ubs_courier_sum, write_off_station_sum) VALUES (87, 'by', '2022-02-08 22:27:07.000000', '2022-02-08 22:27:12.000000', '2022-02-07 15:05:24.854000', 'CONFIRMED', 100,  102, 345, 'PAID', null, null, null, '', null, null, false, null, null, 1, 3000, 2, null, null);
INSERT INTO public.orders (id, comment, deliver_from, deliver_to, order_date, order_status, points_to_use,  ubs_user_id, users_id, order_payment_status, cancellation_reason, cancellation_comment, reason_not_taking_bag_description, image_reason_not_taking_bags, date_of_export, employee_id, blocked, admin_comment, counter_order_payment_id, tariffs_info_id, sum_total_amount_without_discounts, receiving_station_id, ubs_courier_sum, write_off_station_sum) VALUES (88, 'by', '2022-02-08 22:27:16.000000', '2022-02-08 22:27:21.000000', '2022-01-30 15:06:19.938532', 'DONE', 0,  100, 345, 'PAID', null, null, null, '', null, null, false, null, null, 1, 600, 1, null, null);
INSERT INTO public.orders (id, comment, deliver_from, deliver_to, order_date, order_status, points_to_use,  ubs_user_id, users_id, order_payment_status, cancellation_reason, cancellation_comment, reason_not_taking_bag_description, image_reason_not_taking_bags, date_of_export, employee_id, blocked, admin_comment, counter_order_payment_id, tariffs_info_id, sum_total_amount_without_discounts, receiving_station_id, ubs_courier_sum, write_off_station_sum) VALUES (92, '', '2022-02-18 22:27:59.000000', '2022-02-18 22:28:11.000000', '2022-01-30 15:46:02.346358', 'FORMED', 0,  100, 345, 'PAID', null, null, null, '', null, null, false, null, null, 1, 650, null, null, null);

INSERT INTO public.payment (id, amount, currency, order_status, response_status, sender_cell_phone, sender_account, masked_card, card_type, response_code, response_description, order_time, settlement_date, fee, payment_system, sender_email, payment_id, order_id, comment, payment_status, receipt_link, image_path, payment_type) VALUES (91, 50000, 'UAH', 'created', null, null, null, null, null, null, null, null, '2022-02-07', null, null, null, null, 87, null, 'UNPAID', null, null, null);
INSERT INTO public.payment (id, amount, currency, order_status, response_status, sender_cell_phone, sender_account, masked_card, card_type, response_code, response_description, order_time, settlement_date, fee, payment_system, sender_email, payment_id, order_id, comment, payment_status, receipt_link, image_path, payment_type) VALUES (2, 10000, 'UAH', 'created', null, null, null, null, null, null, null, null, '2022-03-07', null, null, null, null, 87, null, 'PAID', null, null, null);
INSERT INTO public.payment (id, amount, currency, order_status, response_status, sender_cell_phone, sender_account, masked_card, card_type, response_code, response_description, order_time, settlement_date, fee, payment_system, sender_email, payment_id, order_id, comment, payment_status, receipt_link, image_path, payment_type) VALUES (94, 215000, 'UAH', 'created', null, null, null, null, null, null, null, null, '2022-02-08', null, null, null, null, 90, null, 'UNPAID', null, null, null);
INSERT INTO public.payment (id, amount, currency, order_status, response_status, sender_cell_phone, sender_account, masked_card, card_type, response_code, response_description, order_time, settlement_date, fee, payment_system, sender_email, payment_id, order_id, comment, payment_status, receipt_link, image_path, payment_type) VALUES (97, 1265000, 'UAH', 'approved', 'success', '', '', '444455XXXXXX1111', 'VISA', null, '', '30.01.2022 15:46:02', '2022-01-27', 0, 'card', 'testgreencity323@gmail.com', '488498082', 93, null, 'PAID', null, null, null);
INSERT INTO public.payment (id, amount, currency, order_status, response_status, sender_cell_phone, sender_account, masked_card, card_type, response_code, response_description, order_time, settlement_date, fee, payment_system, sender_email, payment_id, order_id, comment, payment_status, receipt_link, image_path, payment_type) VALUES (87, 60000, 'UAH', 'created', null, null, null, null, null, null, null, null, '2022-02-01', null, null, null, null, 83, null, 'UNPAID', null, null, null);
INSERT INTO public.payment (id, amount, currency, order_status, response_status, sender_cell_phone, sender_account, masked_card, card_type, response_code, response_description, order_time, settlement_date, fee, payment_system, sender_email, payment_id, order_id, comment, payment_status, receipt_link, image_path, payment_type) VALUES (86, 60000, 'UAH', 'created', null, null, null, null, null, null, null, null, '2022-02-02', null, null, null, null, 82, null, 'PAID', null, null, null);
INSERT INTO public.payment (id, amount, currency, order_status, response_status, sender_cell_phone, sender_account, masked_card, card_type, response_code, response_description, order_time, settlement_date, fee, payment_system, sender_email, payment_id, order_id, comment, payment_status, receipt_link, image_path, payment_type) VALUES (90, 50000, 'UAH', 'created', null, null, null, null, null, null, null, null, '2022-02-05', null, null, null, null, 86, null, 'UNPAID', null, null, null);
INSERT INTO public.payment (id, amount, currency, order_status, response_status, sender_cell_phone, sender_account, masked_card, card_type, response_code, response_description, order_time, settlement_date, fee, payment_system, sender_email, payment_id, order_id, comment, payment_status, receipt_link, image_path, payment_type) VALUES (96, 65000, 'UAH', 'approved', 'success', '', '', '444455XXXXXX1111', 'VISA', null, '', '30.01.2022 15:46:02', '2022-01-30', 0, 'card', 'testgreencity323@gmail.com', '488498082', 92, null, 'PAID', null, null, null);
INSERT INTO public.payment (id, amount, currency, order_status, response_status, sender_cell_phone, sender_account, masked_card, card_type, response_code, response_description, order_time, settlement_date, fee, payment_system, sender_email, payment_id, order_id, comment, payment_status, receipt_link, image_path, payment_type) VALUES (95, 65000, 'UAH', 'approved', 'success', '', '', '444455XXXXXX1111', 'VISA', null, '', '30.01.2022 15:45:14', '2022-01-30', 0, 'card', 'testgreencity323@gmail.com', '488497832', 91, null, 'PAID', null, null, null);
INSERT INTO public.payment (id, amount, currency, order_status, response_status, sender_cell_phone, sender_account, masked_card, card_type, response_code, response_description, order_time, settlement_date, fee, payment_system, sender_email, payment_id, order_id, comment, payment_status, receipt_link, image_path, payment_type) VALUES (92, 60000, 'UAH', 'approved', 'success', '', '', '444455XXXXXX1111', 'VISA', null, '', '30.01.2022 15:06:20', '2022-01-30', 0, 'card', 'testgreencity323@gmail.com', '488484359', 88, null, 'PAID', null, null, null);
INSERT INTO public.payment (id, amount, currency, order_status, response_status, sender_cell_phone, sender_account, masked_card, card_type, response_code, response_description, order_time, settlement_date, fee, payment_system, sender_email, payment_id, order_id, comment, payment_status, receipt_link, image_path, payment_type) VALUES (1, 45000, 'UAH', 'created', null, null, null, null, null, null, null, null, '2022-02-02', null, null, null, null, 83, null, 'PAID', null, null, null);

INSERT INTO public.certificate (code, status, expiration_date, points, order_id, creation_date, date_of_use) VALUES ('3003-1987', 'USED', '2022-07-30', 500, null, '2022-01-30', '2022-01-31');
INSERT INTO public.certificate (code, status, expiration_date, points, order_id, creation_date, date_of_use) VALUES ('9009-5869', 'USED', '2022-07-30', 500, null, '2022-01-30', '2022-01-31');
INSERT INTO public.certificate (code, status, expiration_date, points, order_id, creation_date, date_of_use) VALUES ('3003-1992', 'ACTIVE', '2022-07-30', 500, 86, '2022-01-30', '2022-02-05');
INSERT INTO public.certificate (code, status, expiration_date, points, order_id, creation_date, date_of_use) VALUES ('3113-3113', 'ACTIVE', '2022-03-31', 900, 87, null, '2022-02-07');
INSERT INTO public.certificate (code, status, expiration_date, points, order_id, creation_date, date_of_use) VALUES ('3113-3114', 'ACTIVE', '2023-02-05', 1000, 87, '2022-01-30', '2022-02-07');
INSERT INTO public.certificate (code, status, expiration_date, points, order_id, creation_date, date_of_use) VALUES ('7777-7777', 'USED', '2022-11-11', 500, 90, null, '2022-01-30');
INSERT INTO public.certificate (code, status, expiration_date, points, order_id, creation_date, date_of_use) VALUES ('1212-1212', 'USED', '2022-02-28', 500, 90, '2022-01-31', '2022-01-31');
INSERT INTO public.certificate (code, status, expiration_date, points, order_id, creation_date, date_of_use) VALUES ('1111-2222', 'USED', '2022-02-28', 1000, 90, '2022-01-28', '2022-01-30');

INSERT INTO public.order_bag_mapping (order_id, amount, bag_id, exported_quantity, confirmed_quantity) VALUES (91, 1, 1, null, null);
INSERT INTO public.order_bag_mapping (order_id, amount, bag_id, exported_quantity, confirmed_quantity) VALUES (91, 1, 2, null, null);
INSERT INTO public.order_bag_mapping (order_id, amount, bag_id, exported_quantity, confirmed_quantity) VALUES (92, 1, 1, null, null);
INSERT INTO public.order_bag_mapping (order_id, amount, bag_id, exported_quantity, confirmed_quantity) VALUES (83, 1, 2, 1, 1);
INSERT INTO public.order_bag_mapping (order_id, amount, bag_id, exported_quantity, confirmed_quantity) VALUES (83, 1, 3, 5, 5);
INSERT INTO public.order_bag_mapping (order_id, amount, bag_id, exported_quantity, confirmed_quantity) VALUES (83, 1, 1, 2, 2);
INSERT INTO public.order_bag_mapping (order_id, amount, bag_id, exported_quantity, confirmed_quantity) VALUES (84, 4, 2, null, null);
INSERT INTO public.order_bag_mapping (order_id, amount, bag_id, exported_quantity, confirmed_quantity) VALUES (82, 1, 3, null, null);
INSERT INTO public.order_bag_mapping (order_id, amount, bag_id, exported_quantity, confirmed_quantity) VALUES (82, 1, 2, null, null);
INSERT INTO public.order_bag_mapping (order_id, amount, bag_id, exported_quantity, confirmed_quantity) VALUES (85, 2, 2, null, null);
INSERT INTO public.order_bag_mapping (order_id, amount, bag_id, exported_quantity, confirmed_quantity) VALUES (86, 2, 2, null, 2);
INSERT INTO public.order_bag_mapping (order_id, amount, bag_id, exported_quantity, confirmed_quantity) VALUES (87, 2, 1, null, 5);
INSERT INTO public.order_bag_mapping (order_id, amount, bag_id, exported_quantity, confirmed_quantity) VALUES (87, null, 2, null, 5);
INSERT INTO public.order_bag_mapping (order_id, amount, bag_id, exported_quantity, confirmed_quantity) VALUES (87, null, 3, null, 5);
INSERT INTO public.order_bag_mapping (order_id, amount, bag_id, exported_quantity, confirmed_quantity) VALUES (88, 1, 1, 1, 1);
INSERT INTO public.order_bag_mapping (order_id, amount, bag_id, exported_quantity, confirmed_quantity) VALUES (88, 1, 3, 1, 1);
INSERT INTO public.order_bag_mapping (order_id, amount, bag_id, exported_quantity, confirmed_quantity) VALUES (88, 1, 2, 1, 1);
INSERT INTO public.order_bag_mapping (order_id, amount, bag_id, exported_quantity, confirmed_quantity) VALUES (89, 1, 3, null, null);
INSERT INTO public.order_bag_mapping (order_id, amount, bag_id, exported_quantity, confirmed_quantity) VALUES (89, 1, 2, null, null);
INSERT INTO public.order_bag_mapping (order_id, amount, bag_id, exported_quantity, confirmed_quantity) VALUES (89, 2, 1, null, null);
INSERT INTO public.order_bag_mapping (order_id, amount, bag_id, exported_quantity, confirmed_quantity) VALUES (90, 3, 3, 6, 6);
INSERT INTO public.order_bag_mapping (order_id, amount, bag_id, exported_quantity, confirmed_quantity) VALUES (90, 2, 1, 6, 6);
INSERT INTO public.order_bag_mapping (order_id, amount, bag_id, exported_quantity, confirmed_quantity) VALUES (90, 5, 2, 8, 8);
INSERT INTO public.order_bag_mapping (order_id, amount, bag_id, exported_quantity, confirmed_quantity) VALUES (93, 4, 1, null, 20);
INSERT INTO public.order_bag_mapping (order_id, amount, bag_id, exported_quantity, confirmed_quantity) VALUES (93, 4, 2, null, 50);
INSERT INTO public.order_bag_mapping (order_id, amount, bag_id, exported_quantity, confirmed_quantity) VALUES (93, 4, 3, null, 30);
INSERT INTO public.order_bag_mapping (order_id, amount, bag_id, exported_quantity, confirmed_quantity) VALUES (82, 1, 1, null, null);
INSERT INTO public.order_bag_mapping (order_id, amount, bag_id, exported_quantity, confirmed_quantity) VALUES (91, 2, 3, null, null);
INSERT INTO public.order_bag_mapping (order_id, amount, bag_id, exported_quantity, confirmed_quantity) VALUES (92, 1, 2, null, null);
INSERT INTO public.order_bag_mapping (order_id, amount, bag_id, exported_quantity, confirmed_quantity) VALUES (92, 2, 3, null, null);